Data Entrada,Data Saída,Direção,Tipo,Preço Entrada,Preço Saída,P&L (%),Motivo Saída
2014-11-15 00:00:00+00:00,2014-11-16 00:00:00+00:00,LONG,L Trend,376.133,369.482,-1.7682,Alvo Atingido
2014-11-20 00:00:00+00:00,2014-11-24 00:00:00+00:00,LONG,L Pullback,357.84,386.2366,7.9355,Alvo Atingido
2014-11-25 00:00:00+00:00,2014-12-06 00:00:00+00:00,LONG,L Pullback,375.348,374.785,-0.15,Fim Tendência (Cinza)
2014-12-07 00:00:00+00:00,2014-12-08 00:00:00+00:00,SHORT,S Trend,375.095,367.027,2.1509,Alvo Atingido
2014-12-23 00:00:00+00:00,2015-01-03 00:00:00+00:00,SHORT,S Pullback,334.572,297.1144,11.1957,Alvo Atingido
2015-01-07 00:00:00+00:00,2015-01-10 00:00:00+00:00,SHORT,S Pullback,294.337,275.6104,6.3623,Alvo Atingido
2015-01-21 00:00:00+00:00,2015-01-27 00:00:00+00:00,SHORT,S Pullback,226.897,263.475,-16.121,Fim Tendência (Cinza)
2015-01-28 00:00:00+00:00,2015-01-29 00:00:00+00:00,LONG,L Trend,233.915,217.9127,-6.8411,Alvo Atingido
2015-02-11 00:00:00+00:00,2015-02-13 00:00:00+00:00,LONG,L Pullback,219.185,226.8737,3.5078,Alvo Atingido
2015-02-26 00:00:00+00:00,2015-02-27 00:00:00+00:00,LONG,L Pullback,236.426,245.0563,3.6503,Alvo Atingido
2015-03-14 00:00:00+00:00,2015-03-21 00:00:00+00:00,LONG,L Pullback,281.885,260.025,-7.7549,Reversão L→S
2015-03-21 00:00:00+00:00,2015-03-22 00:00:00+00:00,SHORT,S Trend,260.025,281.6575,-8.3194,Alvo Atingido
2015-04-03 00:00:00+00:00,2015-04-10 00:00:00+00:00,SHORT,S Pullback,254.322,237.1743,6.7425,Alvo Atingido
2015-04-21 00:00:00+00:00,2015-04-26 00:00:00+00:00,SHORT,S Pullback,235.269,215.6551,8.3368,Alvo Atingido
2015-04-27 00:00:00+00:00,2015-05-02 00:00:00+00:00,SHORT,S Pullback,229.286,234.93,-2.4616,Fim Tendência (Cinza)
2015-05-03 00:00:00+00:00,2015-05-04 00:00:00+00:00,LONG,L Trend,240.358,229.8777,-4.3603,Alvo Atingido
2015-05-16 00:00:00+00:00,2015-05-29 00:00:00+00:00,LONG,L Pullback,236.153,237.096,0.3993,Fim Tendência (Cinza)
2015-05-30 00:00:00+00:00,2015-05-31 00:00:00+00:00,SHORT,S Trend,233.345,231.3745,0.8444,Alvo Atingido
2015-06-09 00:00:00+00:00,2015-06-16 00:00:00+00:00,SHORT,S Pullback,229.048,250.895,-9.5382,Reversão S→L
2015-06-16 00:00:00+00:00,2015-06-17 00:00:00+00:00,LONG,L Trend,250.895,235.7421,-6.0395,Alvo Atingido
2015-07-16 00:00:00+00:00,2015-08-03 00:00:00+00:00,LONG,L Pullback,278.089,281.227,1.1284,Reversão L→S
2015-08-03 00:00:00+00:00,2015-08-04 00:00:00+00:00,SHORT,S Trend,281.227,283.4525,-0.7914,Alvo Atingido
2015-08-28 00:00:00+00:00,2015-09-07 00:00:00+00:00,SHORT,S Pullback,231.396,239.847,-3.6522,Fim Tendência (Cinza)
2015-09-08 00:00:00+00:00,2015-09-09 00:00:00+00:00,LONG,L Trend,243.607,224.8974,-7.6803,Alvo Atingido
2015-09-21 00:00:00+00:00,2015-10-06 00:00:00+00:00,LONG,L Pullback,227.085,243.1949,7.0942,Alvo Atingido
2015-11-10 00:00:00+00:00,2015-11-16 00:00:00+00:00,LONG,L Pullback,336.819,330.751,-1.8016,Reversão L→S
2015-11-16 00:00:00+00:00,2015-11-17 00:00:00+00:00,SHORT,S Trend,330.751,364.1553,-10.0995,Alvo Atingido
2015-11-26 00:00:00+00:00,2015-12-02 00:00:00+00:00,SHORT,S Pullback,352.684,359.187,-1.8439,Reversão S→L
2015-12-02 00:00:00+00:00,2015-12-03 00:00:00+00:00,LONG,L Trend,359.187,357.642,-0.4301,Alvo Atingido
2015-12-20 00:00:00+00:00,2015-12-29 00:00:00+00:00,LONG,L Pullback,442.685,432.983,-2.1916,Fim Tendência (Cinza)
2015-12-30 00:00:00+00:00,2015-12-31 00:00:00+00:00,SHORT,S Trend,426.62,451.1747,-5.7556,Alvo Atingido
2016-01-07 00:00:00+00:00,2016-01-13 00:00:00+00:00,SHORT,S Pullback,458.048,430.7225,5.9656,Alvo Atingido
2016-01-20 00:00:00+00:00,2016-01-22 00:00:00+00:00,SHORT,S Pullback,420.23,396.646,5.6122,Alvo Atingido
2016-01-24 00:00:00+00:00,2016-01-28 00:00:00+00:00,SHORT,S Pullback,402.971,380.0084,5.6983,Alvo Atingido
2016-02-04 00:00:00+00:00,2016-02-12 00:00:00+00:00,SHORT,S Pullback,389.594,384.263,1.3683,Fim Tendência (Cinza)
2016-02-13 00:00:00+00:00,2016-02-14 00:00:00+00:00,LONG,L Trend,391.86,380.6655,-2.8568,Alvo Atingido
2016-03-02 00:00:00+00:00,2016-03-07 00:00:00+00:00,LONG,L Pullback,423.989,414.321,-2.2802,Fim Tendência (Cinza)
2016-03-08 00:00:00+00:00,2016-03-09 00:00:00+00:00,SHORT,S Trend,413.972,420.8961,-1.6726,Alvo Atingido
2016-03-22 00:00:00+00:00,2016-03-29 00:00:00+00:00,SHORT,S Pullback,418.089,416.516,0.3762,Reversão S→L
2016-03-29 00:00:00+00:00,2016-04-20 00:00:00+00:00,LONG,L Trend,416.516,440.3911,5.7321,Alvo Atingido
2016-04-30 00:00:00+00:00,2016-05-16 00:00:00+00:00,LONG,L Pullback,448.318,454.163,1.3038,Fim Tendência (Cinza)
2016-05-17 00:00:00+00:00,2016-05-19 00:00:00+00:00,SHORT,S Trend,453.783,446.223,1.666,Alvo Atingido
2016-05-26 00:00:00+00:00,2016-05-28 00:00:00+00:00,SHORT,S Pullback,453.384,530.04,-16.9075,Fim Tendência (Cinza)
2016-05-29 00:00:00+00:00,2016-05-30 00:00:00+00:00,LONG,L Trend,526.233,477.2971,-9.2993,Alvo Atingido
2016-06-21 00:00:00+00:00,2016-06-27 00:00:00+00:00,LONG,L Pullback,666.652,655.275,-1.7066,Reversão L→S
2016-06-27 00:00:00+00:00,2016-06-28 00:00:00+00:00,SHORT,S Trend,655.275,705.4717,-7.6604,Alvo Atingido
2016-07-17 00:00:00+00:00,2016-07-20 00:00:00+00:00,SHORT,S Pullback,679.459,665.685,2.0272,Fim Tendência (Cinza)
2016-07-24 00:00:00+00:00,2016-07-31 00:00:00+00:00,SHORT,S Trend,661.285,635.065,3.965,Alvo Atingido
2016-08-12 00:00:00+00:00,2016-08-25 00:00:00+00:00,SHORT,S Pullback,587.559,577.761,1.6676,Fim Tendência (Cinza)
2016-08-26 00:00:00+00:00,2016-08-27 00:00:00+00:00,LONG,L Trend,579.651,577.9033,-0.3015,Alvo Atingido
2016-09-15 00:00:00+00:00,2016-09-24 00:00:00+00:00,LONG,L Pullback,607.155,602.625,-0.7461,Fim Tendência (Cinza)
2016-09-25 00:00:00+00:00,2016-10-08 00:00:00+00:00,SHORT,S Trend,600.826,619.108,-3.0428,Reversão S→L
2016-10-08 00:00:00+00:00,2016-10-11 00:00:00+00:00,LONG,L Trend,619.108,632.5655,2.1737,Alvo Atingido
2016-10-19 00:00:00+00:00,2016-10-22 00:00:00+00:00,LONG,L Pullback,630.52,657.0674,4.2104,Alvo Atingido
2016-11-03 00:00:00+00:00,2016-11-09 00:00:00+00:00,LONG,L Pullback,688.7,739.7608,7.4141,Alvo Atingido
2016-11-10 00:00:00+00:00,2016-11-17 00:00:00+00:00,LONG,L Pullback,715.534,755.264,5.5525,Alvo Atingido
2016-11-20 00:00:00+00:00,2016-12-02 00:00:00+00:00,LONG,L Pullback,731.026,775.7084,6.1123,Alvo Atingido
2016-12-05 00:00:00+00:00,2016-12-21 00:00:00+00:00,LONG,L Pullback,758.7,817.426,7.7403,Alvo Atingido
2017-01-06 00:00:00+00:00,2017-01-11 00:00:00+00:00,LONG,L Pullback,902.201,777.757,-13.7934,Fim Tendência (Cinza)
2017-01-12 00:00:00+00:00,2017-01-13 00:00:00+00:00,SHORT,S Trend,804.834,959.7357,-19.2464,Alvo Atingido
2017-01-21 00:00:00+00:00,2017-01-31 00:00:00+00:00,SHORT,S Pullback,921.789,970.403,-5.2739,Reversão S→L
2017-01-31 00:00:00+00:00,2017-02-01 00:00:00+00:00,LONG,L Trend,970.403,920.4963,-5.1429,Alvo Atingido
2017-02-09 00:00:00+00:00,2017-02-21 00:00:00+00:00,LONG,L Pullback,994.383,1093.3555,9.9532,Alvo Atingido
2017-03-07 00:00:00+00:00,2017-03-18 00:00:00+00:00,LONG,L Pullback,1223.54,973.818,-20.4098,Reversão L→S
2017-03-18 00:00:00+00:00,2017-03-19 00:00:00+00:00,SHORT,S Trend,973.818,1200.1044,-23.237,Alvo Atingido
2017-03-31 00:00:00+00:00,2017-04-05 00:00:00+00:00,SHORT,S Pullback,1071.79,1124.78,-4.9441,Fim Tendência (Cinza)
2017-04-06 00:00:00+00:00,2017-04-07 00:00:00+00:00,LONG,L Trend,1182.6801,1067.176,-9.7663,Alvo Atingido
2017-04-23 00:00:00+00:00,2017-04-26 00:00:00+00:00,LONG,L Pullback,1207.21,1282.2232,6.2138,Alvo Atingido
2017-05-16 00:00:00+00:00,2017-05-17 00:00:00+00:00,LONG,L Pullback,1734.45,1839.3251,6.0466,Alvo Atingido
2017-05-27 00:00:00+00:00,2017-06-01 00:00:00+00:00,LONG,L Pullback,2038.87,2397.4476,17.5871,Alvo Atingido
2017-06-12 00:00:00+00:00,2017-06-18 00:00:00+00:00,LONG,L Pullback,2659.6299,2548.29,-4.1863,Fim Tendência (Cinza)
2017-06-19 00:00:00+00:00,2017-06-20 00:00:00+00:00,SHORT,S Trend,2589.6001,2761.0868,-6.6221,Alvo Atingido
2017-07-05 00:00:00+00:00,2017-07-07 00:00:00+00:00,SHORT,S Pullback,2601.99,2500.5016,3.9004,Alvo Atingido
2017-07-08 00:00:00+00:00,2017-07-10 00:00:00+00:00,SHORT,S Pullback,2571.3401,2473.8114,3.7929,Alvo Atingido
2017-07-18 00:00:00+00:00,2017-07-23 00:00:00+00:00,SHORT,S Pullback,2318.8799,2730.3999,-17.7465,Reversão S→L
2017-07-23 00:00:00+00:00,2017-07-24 00:00:00+00:00,LONG,L Trend,2730.3999,2432.4289,-10.9131,Alvo Atingido
2017-08-20 00:00:00+00:00,2017-09-01 00:00:00+00:00,LONG,L Pullback,4087.6599,4869.989,19.1388,Alvo Atingido
2017-09-02 00:00:00+00:00,2017-09-08 00:00:00+00:00,LONG,L Pullback,4578.77,4228.75,-7.6444,Fim Tendência (Cinza)
2017-09-09 00:00:00+00:00,2017-09-10 00:00:00+00:00,SHORT,S Trend,4226.0601,4604.1048,-8.9456,Alvo Atingido
2017-09-25 00:00:00+00:00,2017-09-30 00:00:00+00:00,SHORT,S Pullback,3926.0701,4338.71,-10.5103,Fim Tendência (Cinza)
2017-10-01 00:00:00+00:00,2017-10-02 00:00:00+00:00,LONG,L Trend,4403.7402,3919.3718,-10.999,Alvo Atingido
2017-10-24 00:00:00+00:00,2017-10-31 00:00:00+00:00,LONG,L Pullback,5526.6401,6468.5402,17.0429,Alvo Atingido
2017-11-09 00:00:00+00:00,2017-11-14 00:00:00+00:00,LONG,L Pullback,7143.5801,6635.75,-7.1089,Fim Tendência (Cinza)
2017-11-15 00:00:00+00:00,2017-11-17 00:00:00+00:00,SHORT,S Trend,7315.54,7708.9902,-5.3783,Reversão S→L
2017-11-17 00:00:00+00:00,2017-11-18 00:00:00+00:00,LONG,L Trend,7708.9902,7571.276,-1.7864,Alvo Atingido
2017-12-19 00:00:00+00:00,2017-12-25 00:00:00+00:00,LONG,L Pullback,17776.6992,14026.5996,-21.0956,Reversão L→S
2017-12-25 00:00:00+00:00,2017-12-26 00:00:00+00:00,SHORT,S Trend,14026.5996,18061.0593,-28.7629,Alvo Atingido
2018-01-05 00:00:00+00:00,2018-01-08 00:00:00+00:00,SHORT,S Pullback,17429.5,15287.7634,12.288,Alvo Atingido
2018-01-28 00:00:00+00:00,2018-01-30 00:00:00+00:00,SHORT,S Pullback,11786.2998,10552.0932,10.4715,Alvo Atingido
2018-02-09 00:00:00+00:00,2018-02-17 00:00:00+00:00,SHORT,S Pullback,8736.9805,11112.7002,-27.1915,Reversão S→L
2018-02-17 00:00:00+00:00,2018-02-18 00:00:00+00:00,LONG,L Trend,11112.7002,8115.2785,-26.9729,Alvo Atingido
2018-03-06 00:00:00+00:00,2018-03-11 00:00:00+00:00,LONG,L Pullback,10779.9004,9578.6299,-11.1436,Reversão L→S
2018-03-11 00:00:00+00:00,2018-03-12 00:00:00+00:00,SHORT,S Trend,9578.6299,10409.1248,-8.6703,Alvo Atingido
2018-03-23 00:00:00+00:00,2018-03-26 00:00:00+00:00,SHORT,S Pullback,8879.6201,8196.8948,7.6887,Alvo Atingido
2018-04-03 00:00:00+00:00,2018-04-04 00:00:00+00:00,SHORT,S Pullback,7456.1099,6929.1253,7.0678,Alvo Atingido
2018-04-07 00:00:00+00:00,2018-04-15 00:00:00+00:00,SHORT,S Pullback,6911.0898,8329.1104,-20.518,Reversão S→L
2018-04-15 00:00:00+00:00,2018-04-16 00:00:00+00:00,LONG,L Trend,8329.1104,6916.7696,-16.9567,Alvo Atingido
2018-05-06 00:00:00+00:00,2018-05-12 00:00:00+00:00,LONG,L Pullback,9654.7998,8504.8896,-11.9102,Fim Tendência (Cinza)
2018-05-13 00:00:00+00:00,2018-05-14 00:00:00+00:00,SHORT,S Trend,8723.9404,9404.4129,-7.8001,Alvo Atingido
2018-06-01 00:00:00+00:00,2018-06-10 00:00:00+00:00,SHORT,S Pullback,7541.4502,6931.7787,8.0843,Alvo Atingido
2018-06-18 00:00:00+00:00,2018-06-22 00:00:00+00:00,SHORT,S Pullback,6734.8198,6308.1219,6.3357,Alvo Atingido
2018-06-29 00:00:00+00:00,2018-07-05 00:00:00+00:00,SHORT,S Pullback,6218.2998,6639.1401,-6.7678,Reversão S→L
2018-07-05 00:00:00+00:00,2018-07-06 00:00:00+00:00,LONG,L Trend,6639.1401,6242.9683,-5.9672,Alvo Atingido
2018-07-12 00:00:00+00:00,2018-07-16 00:00:00+00:00,LONG,L Pullback,6228.8101,6525.6227,4.7652,Alvo Atingido
2018-07-31 00:00:00+00:00,2018-08-06 00:00:00+00:00,LONG,L Pullback,7780.4399,6951.7998,-10.6503,Reversão L→S
2018-08-06 00:00:00+00:00,2018-08-07 00:00:00+00:00,SHORT,S Trend,6951.7998,7764.66,-11.6928,Alvo Atingido
2018-08-19 00:00:00+00:00,2018-08-28 00:00:00+00:00,SHORT,S Pullback,6506.0698,7096.2798,-9.0717,Reversão S→L
2018-08-28 00:00:00+00:00,2018-08-29 00:00:00+00:00,LONG,L Trend,7096.2798,6430.1844,-9.3865,Alvo Atingido
2018-09-06 00:00:00+00:00,2018-09-11 00:00:00+00:00,LONG,L Pullback,6529.1699,6321.2002,-3.1852,Reversão L→S
2018-09-11 00:00:00+00:00,2018-09-12 00:00:00+00:00,SHORT,S Trend,6321.2002,6556.0401,-3.7151,Alvo Atingido
2018-09-21 00:00:00+00:00,2018-09-30 00:00:00+00:00,SHORT,S Pullback,6734.9502,6625.5601,1.6242,Fim Tendência (Cinza)
2018-10-01 00:00:00+00:00,2018-10-13 00:00:00+00:00,LONG,L Trend,6589.6201,6285.9902,-4.6077,Reversão L→S
2018-10-13 00:00:00+00:00,2018-10-14 00:00:00+00:00,SHORT,S Trend,6285.9902,6330.0262,-0.7005,Alvo Atingido
2018-10-15 00:00:00+00:00,2018-11-08 00:00:00+00:00,SHORT,S Pullback,6596.54,6453.7202,2.1651,Fim Tendência (Cinza)
2018-11-09 00:00:00+00:00,2018-11-13 00:00:00+00:00,LONG,L Trend,6385.6201,6359.4902,-0.4092,Fim Tendência (Cinza)
2018-11-14 00:00:00+00:00,2018-11-15 00:00:00+00:00,SHORT,S Trend,5738.3501,6136.498,-6.9384,Alvo Atingido
2018-12-01 00:00:00+00:00,2018-12-07 00:00:00+00:00,SHORT,S Pullback,4214.6719,3403.8982,19.2369,Alvo Atingido
2018-12-08 00:00:00+00:00,2018-12-20 00:00:00+00:00,SHORT,S Pullback,3476.1147,4134.4414,-18.9386,Reversão S→L
2018-12-20 00:00:00+00:00,2018-12-21 00:00:00+00:00,LONG,L Trend,4134.4414,3178.0758,-23.1317,Alvo Atingido
2019-01-10 00:00:00+00:00,2019-01-13 00:00:00+00:00,LONG,L Pullback,3678.9246,3552.9531,-3.4241,Fim Tendência (Cinza)
2019-01-14 00:00:00+00:00,2019-01-15 00:00:00+00:00,SHORT,S Trend,3706.0522,3779.335,-1.9774,Alvo Atingido
2019-02-02 00:00:00+00:00,2019-02-10 00:00:00+00:00,SHORT,S Pullback,3521.0608,3690.1882,-4.8033,Fim Tendência (Cinza)
2019-02-11 00:00:00+00:00,2019-02-12 00:00:00+00:00,LONG,L Trend,3648.4307,3561.9702,-2.3698,Alvo Atingido
2019-02-26 00:00:00+00:00,2019-03-15 00:00:00+00:00,LONG,L Pullback,3854.3579,3960.9111,2.7645,Fim Tendência (Cinza)
2019-03-18 00:00:00+00:00,2019-03-30 00:00:00+00:00,LONG,L Trend,4032.5073,4190.7832,3.925,Alvo Atingido
2019-04-15 00:00:00+00:00,2019-04-30 00:00:00+00:00,LONG,L Pullback,5067.1084,5350.7266,5.5972,Reversão L→S
2019-04-30 00:00:00+00:00,2019-05-01 00:00:00+00:00,SHORT,S Trend,5350.7266,5406.5552,-1.0434,Alvo Atingido
2019-05-03 00:00:00+00:00,2019-05-04 00:00:00+00:00,SHORT,S Pullback,5768.2896,5831.1675,-1.0901,Fim Tendência (Cinza)
2019-05-05 00:00:00+00:00,2019-05-07 00:00:00+00:00,LONG,L Trend,5795.7085,5839.2524,0.7513,Alvo Atingido
2019-05-22 00:00:00+00:00,2019-05-26 00:00:00+00:00,LONG,L Pullback,7680.0664,8454.7879,10.0874,Alvo Atingido
2019-05-30 00:00:00+00:00,2019-06-06 00:00:00+00:00,LONG,L Pullback,8319.4727,7822.0234,-5.9793,Fim Tendência (Cinza)
2019-06-07 00:00:00+00:00,2019-06-08 00:00:00+00:00,SHORT,S Trend,8043.9512,8578.863,-6.6499,Alvo Atingido
2019-06-14 00:00:00+00:00,2019-06-17 00:00:00+00:00,SHORT,S Pullback,8693.833,9320.3525,-7.2065,Fim Tendência (Cinza)
2019-06-18 00:00:00+00:00,2019-06-19 00:00:00+00:00,LONG,L Trend,9081.7627,8900.5166,-1.9957,Alvo Atingido
2019-06-30 00:00:00+00:00,2019-07-03 00:00:00+00:00,LONG,L Pullback,10817.1553,11866.5673,9.7014,Alvo Atingido
2019-07-04 00:00:00+00:00,2019-07-09 00:00:00+00:00,LONG,L Pullback,11215.4375,12522.6495,11.6555,Alvo Atingido
2019-07-10 00:00:00+00:00,2019-07-16 00:00:00+00:00,LONG,L Pullback,12156.5127,9477.6416,-22.0365,Reversão L→S
2019-07-16 00:00:00+00:00,2019-07-17 00:00:00+00:00,SHORT,S Trend,9477.6416,11719.6525,-23.6558,Alvo Atingido
2019-07-31 00:00:00+00:00,2019-08-06 00:00:00+00:00,SHORT,S Pullback,10085.6279,11478.1689,-13.8072,Reversão S→L
2019-08-06 00:00:00+00:00,2019-08-07 00:00:00+00:00,LONG,L Trend,11478.1689,10318.9475,-10.0994,Alvo Atingido
2019-08-13 00:00:00+00:00,2019-08-19 00:00:00+00:00,LONG,L Pullback,10895.8301,10916.0537,0.1856,Reversão L→S
2019-08-19 00:00:00+00:00,2019-08-20 00:00:00+00:00,SHORT,S Trend,10916.0537,10667.4689,2.2772,Alvo Atingido
2019-09-02 00:00:00+00:00,2019-09-08 00:00:00+00:00,SHORT,S Pullback,10346.7607,10441.2764,-0.9135,Reversão S→L
2019-09-08 00:00:00+00:00,2019-09-09 00:00:00+00:00,LONG,L Trend,10441.2764,10315.5097,-1.2045,Alvo Atingido
2019-09-20 00:00:00+00:00,2019-09-24 00:00:00+00:00,LONG,L Pullback,10181.6416,8620.5664,-15.3323,Reversão L→S
2019-09-24 00:00:00+00:00,2019-09-25 00:00:00+00:00,SHORT,S Trend,8620.5664,9765.118,-13.277,Alvo Atingido
2019-10-07 00:00:00+00:00,2019-10-21 00:00:00+00:00,SHORT,S Pullback,8245.623,8243.7207,0.0231,Fim Tendência (Cinza)
2019-10-22 00:00:00+00:00,2019-10-23 00:00:00+00:00,LONG,L Trend,8078.2031,8017.4281,-0.7523,Alvo Atingido
2019-10-23 00:00:00+00:00,2019-10-25 00:00:00+00:00,LONG,L Pullback,7514.6719,8019.436,6.717,Alvo Atingido
2019-11-08 00:00:00+00:00,2019-11-15 00:00:00+00:00,LONG,L Pullback,8804.8809,8491.9922,-3.5536,Reversão L→S
2019-11-15 00:00:00+00:00,2019-11-16 00:00:00+00:00,SHORT,S Trend,8491.9922,8971.4202,-5.6456,Alvo Atingido
2019-11-29 00:00:00+00:00,2019-12-17 00:00:00+00:00,SHORT,S Pullback,7761.2437,6747.7709,13.0581,Alvo Atingido
2019-12-18 00:00:00+00:00,2019-12-21 00:00:00+00:00,SHORT,S Pullback,7276.8027,7191.1587,1.1769,Fim Tendência (Cinza)
2019-12-22 00:00:00+00:00,2019-12-23 00:00:00+00:00,LONG,L Trend,7511.5889,7201.3978,-4.1295,Alvo Atingido
2020-01-02 00:00:00+00:00,2020-01-03 00:00:00+00:00,LONG,L Pullback,6985.4702,7390.6772,5.8007,Alvo Atingido
2020-01-22 00:00:00+00:00,2020-01-28 00:00:00+00:00,LONG,L Pullback,8680.876,9227.42,6.296,Alvo Atingido
2020-02-03 00:00:00+00:00,2020-02-06 00:00:00+00:00,LONG,L Pullback,9293.5215,9777.7408,5.2103,Alvo Atingido
2020-02-15 00:00:00+00:00,2020-02-22 00:00:00+00:00,LONG,L Pullback,9889.4248,9663.1816,-2.2877,Reversão L→S
2020-02-22 00:00:00+00:00,2020-02-23 00:00:00+00:00,SHORT,S Trend,9663.1816,9928.1101,-2.7416,Alvo Atingido
2020-03-06 00:00:00+00:00,2020-03-08 00:00:00+00:00,SHORT,S Pullback,9122.5459,8671.2833,4.9467,Alvo Atingido
2020-03-19 00:00:00+00:00,2020-03-31 00:00:00+00:00,SHORT,S Pullback,6191.1929,6438.6445,-3.9968,Fim Tendência (Cinza)
2020-04-01 00:00:00+00:00,2020-04-02 00:00:00+00:00,LONG,L Trend,6606.7764,5580.6539,-15.5314,Alvo Atingido
2020-04-15 00:00:00+00:00,2020-04-18 00:00:00+00:00,LONG,L Pullback,6642.1099,7231.204,8.8691,Alvo Atingido
2020-04-20 00:00:00+00:00,2020-04-23 00:00:00+00:00,LONG,L Pullback,6881.9585,7417.1488,7.7767,Alvo Atingido
2020-05-10 00:00:00+00:00,2020-05-14 00:00:00+00:00,LONG,L Pullback,8756.4307,9791.7995,11.8241,Alvo Atingido
2020-05-15 00:00:00+00:00,2020-05-24 00:00:00+00:00,LONG,L Pullback,9328.1973,8790.3682,-5.7656,Fim Tendência (Cinza)
2020-05-25 00:00:00+00:00,2020-05-26 00:00:00+00:00,SHORT,S Trend,8906.9346,9500.259,-6.6614,Alvo Atingido
2020-05-30 00:00:00+00:00,2020-06-03 00:00:00+00:00,SHORT,S Pullback,9700.4141,9656.7178,0.4505,Fim Tendência (Cinza)
2020-06-04 00:00:00+00:00,2020-06-14 00:00:00+00:00,LONG,L Trend,9800.6367,9386.7881,-4.2227,Fim Tendência (Cinza)
2020-06-15 00:00:00+00:00,2020-06-16 00:00:00+00:00,SHORT,S Trend,9450.7021,9405.4058,0.4793,Alvo Atingido
2020-06-22 00:00:00+00:00,2020-06-25 00:00:00+00:00,SHORT,S Pullback,9648.7178,9248.0341,4.1527,Alvo Atingido
2020-07-06 00:00:00+00:00,2020-07-11 00:00:00+00:00,SHORT,S Pullback,9375.4746,9240.3467,1.4413,Fim Tendência (Cinza)
2020-07-13 00:00:00+00:00,2020-07-17 00:00:00+00:00,LONG,L Trend,9243.6143,9151.3926,-0.9977,Fim Tendência (Cinza)
2020-07-22 00:00:00+00:00,2020-07-23 00:00:00+00:00,LONG,L Trend,9525.3633,9467.9989,-0.6022,Alvo Atingido
2020-08-11 00:00:00+00:00,2020-08-24 00:00:00+00:00,LONG,L Pullback,11410.5254,11774.5957,3.1907,Reversão L→S
2020-08-24 00:00:00+00:00,2020-08-25 00:00:00+00:00,SHORT,S Trend,11774.5957,11923.8321,-1.2674,Alvo Atingido
2020-09-01 00:00:00+00:00,2020-09-02 00:00:00+00:00,SHORT,S Pullback,11970.4785,11541.0533,3.5874,Alvo Atingido
2020-09-14 00:00:00+00:00,2020-09-20 00:00:00+00:00,SHORT,S Pullback,10680.8379,10938.2715,-2.4102,Fim Tendência (Cinza)
2020-09-21 00:00:00+00:00,2020-09-24 00:00:00+00:00,LONG,L Trend,10462.2598,10668.9289,1.9754,Alvo Atingido
2020-09-27 00:00:00+00:00,2020-09-28 00:00:00+00:00,LONG,L Trend,10775.2695,10727.8901,-0.4397,Alvo Atingido
2020-10-03 00:00:00+00:00,2020-10-09 00:00:00+00:00,LONG,L Pullback,10549.3291,10997.9026,4.2522,Alvo Atingido
2020-11-26 00:00:00+00:00,2020-11-30 00:00:00+00:00,LONG,L Pullback,17150.623,19559.9195,14.0479,Alvo Atingido
2020-12-01 00:00:00+00:00,2020-12-11 00:00:00+00:00,LONG,L Pullback,18802.998,18058.9043,-3.9573,Fim Tendência (Cinza)
2020-12-12 00:00:00+00:00,2020-12-13 00:00:00+00:00,SHORT,S Trend,18803.6562,18999.6609,-1.0424,Alvo Atingido
2020-12-16 00:00:00+00:00,2020-12-17 00:00:00+00:00,SHORT,S Pullback,21310.5977,22805.1621,-7.0132,Reversão S→L
2020-12-17 00:00:00+00:00,2020-12-18 00:00:00+00:00,LONG,L Trend,22805.1621,20559.6327,-9.8466,Alvo Atingido
2021-01-11 00:00:00+00:00,2021-01-14 00:00:00+00:00,LONG,L Pullback,35566.6562,39400.591,10.7796,Alvo Atingido
2021-01-15 00:00:00+00:00,2021-01-22 00:00:00+00:00,LONG,L Pullback,36825.3672,33005.7617,-10.3722,Fim Tendência (Cinza)
2021-01-23 00:00:00+00:00,2021-01-24 00:00:00+00:00,SHORT,S Trend,32067.6426,38017.3237,-18.5535,Alvo Atingido
2021-02-02 00:00:00+00:00,2021-02-07 00:00:00+00:00,SHORT,S Pullback,35510.2891,38903.4414,-9.5554,Reversão S→L
2021-02-07 00:00:00+00:00,2021-02-08 00:00:00+00:00,LONG,L Trend,38903.4414,36599.0971,-5.9232,Alvo Atingido
2021-02-23 00:00:00+00:00,2021-03-01 00:00:00+00:00,LONG,L Pullback,48824.4258,49631.2422,1.6525,Fim Tendência (Cinza)
2021-03-02 00:00:00+00:00,2021-03-03 00:00:00+00:00,SHORT,S Trend,48378.9883,52397.2192,-8.3057,Alvo Atingido
2021-03-09 00:00:00+00:00,2021-03-11 00:00:00+00:00,SHORT,S Pullback,54824.1172,57805.1211,-5.4374,Fim Tendência (Cinza)
2021-03-12 00:00:00+00:00,2021-03-13 00:00:00+00:00,LONG,L Trend,57332.0898,55623.1062,-2.9809,Alvo Atingido
2021-03-21 00:00:00+00:00,2021-03-27 00:00:00+00:00,LONG,L Pullback,57523.4219,55973.5117,-2.6944,Reversão L→S
2021-03-27 00:00:00+00:00,2021-03-28 00:00:00+00:00,SHORT,S Trend,55973.5117,56260.0534,-0.5119,Alvo Atingido
2021-03-30 00:00:00+00:00,2021-03-31 00:00:00+00:00,SHORT,S Pullback,58917.6914,58918.832,-0.0019,Fim Tendência (Cinza)
2021-04-01 00:00:00+00:00,2021-04-02 00:00:00+00:00,LONG,L Trend,59095.8086,60212.0342,1.8888,Alvo Atingido
2021-04-03 00:00:00+00:00,2021-04-09 00:00:00+00:00,LONG,L Pullback,57603.8906,58245.0039,1.113,Fim Tendência (Cinza)
2021-04-12 00:00:00+00:00,2021-04-13 00:00:00+00:00,LONG,L Trend,59893.4531,61025.5517,1.8902,Alvo Atingido
2021-04-17 00:00:00+00:00,2021-04-21 00:00:00+00:00,LONG,L Pullback,60683.8203,53906.0898,-11.1689,Reversão L→S
2021-04-21 00:00:00+00:00,2021-04-22 00:00:00+00:00,SHORT,S Trend,53906.0898,58283.0807,-8.1197,Alvo Atingido
2021-04-30 00:00:00+00:00,2021-05-08 00:00:00+00:00,SHORT,S Pullback,57750.1758,58803.7773,-1.8244,Fim Tendência (Cinza)
2021-05-09 00:00:00+00:00,2021-05-10 00:00:00+00:00,LONG,L Trend,58232.3164,56363.4287,-3.2094,Alvo Atingido
2021-05-12 00:00:00+00:00,2021-05-14 00:00:00+00:00,LONG,L Pullback,49150.5352,49880.5352,1.4852,Reversão L→S
2021-05-14 00:00:00+00:00,2021-05-15 00:00:00+00:00,SHORT,S Trend,49880.5352,52278.1468,-4.8067,Alvo Atingido
2021-05-31 00:00:00+00:00,2021-06-12 00:00:00+00:00,SHORT,S Pullback,37332.8555,35552.5156,4.7688,Fim Tendência (Cinza)
2021-06-13 00:00:00+00:00,2021-06-14 00:00:00+00:00,LONG,L Trend,39097.8594,33583.7009,-14.1035,Alvo Atingido
2021-06-21 00:00:00+00:00,2021-06-24 00:00:00+00:00,LONG,L Pullback,31676.6934,34662.4375,9.4257,Reversão L→S
2021-06-24 00:00:00+00:00,2021-06-25 00:00:00+00:00,SHORT,S Trend,34662.4375,33597.1612,3.0733,Alvo Atingido
2021-06-27 00:00:00+00:00,2021-07-01 00:00:00+00:00,SHORT,S Pullback,34649.6445,32952.0238,4.8994,Alvo Atingido
2021-07-03 00:00:00+00:00,2021-07-08 00:00:00+00:00,SHORT,S Pullback,34668.5469,32510.6728,6.2243,Alvo Atingido
2021-07-09 00:00:00+00:00,2021-07-14 00:00:00+00:00,SHORT,S Pullback,33798.0117,32001.1401,5.3165,Alvo Atingido
2021-07-21 00:00:00+00:00,2021-07-26 00:00:00+00:00,SHORT,S Pullback,32110.6934,37337.5352,-16.2776,Reversão S→L
2021-07-26 00:00:00+00:00,2021-07-27 00:00:00+00:00,LONG,L Trend,37337.5352,33297.4065,-10.8206,Alvo Atingido
2021-08-16 00:00:00+00:00,2021-09-02 00:00:00+00:00,LONG,L Pullback,46004.4844,49327.7227,7.2237,Fim Tendência (Cinza)
2021-09-06 00:00:00+00:00,2021-09-07 00:00:00+00:00,LONG,L Trend,52633.5352,52385.6223,-0.471,Alvo Atingido
2021-09-07 00:00:00+00:00,2021-09-09 00:00:00+00:00,LONG,L Pullback,46811.1289,46391.4219,-0.8966,Fim Tendência (Cinza)
2021-09-10 00:00:00+00:00,2021-09-11 00:00:00+00:00,SHORT,S Trend,44883.9102,48505.8749,-8.0696,Alvo Atingido
2021-09-18 00:00:00+00:00,2021-09-20 00:00:00+00:00,SHORT,S Pullback,48278.3633,46084.2992,4.5446,Alvo Atingido
2021-09-30 00:00:00+00:00,2021-10-04 00:00:00+00:00,SHORT,S Pullback,43790.8945,49112.9023,-12.1532,Reversão S→L
2021-10-04 00:00:00+00:00,2021-10-05 00:00:00+00:00,LONG,L Trend,49112.9023,45047.5375,-8.2776,Alvo Atingido
2021-10-22 00:00:00+00:00,2021-11-03 00:00:00+00:00,LONG,L Pullback,60692.2656,62970.0469,3.753,Fim Tendência (Cinza)
2021-11-05 00:00:00+00:00,2021-11-06 00:00:00+00:00,SHORT,S Trend,61125.6758,63076.6193,-3.1917,Alvo Atingido
2021-11-08 00:00:00+00:00,2021-11-10 00:00:00+00:00,SHORT,S Pullback,67566.8281,64995.2305,3.806,Fim Tendência (Cinza)
2021-11-11 00:00:00+00:00,2021-11-17 00:00:00+00:00,LONG,L Trend,64949.9609,60368.0117,-7.0546,Reversão L→S
2021-11-17 00:00:00+00:00,2021-11-18 00:00:00+00:00,SHORT,S Trend,60368.0117,62770.3294,-3.9795,Alvo Atingido
2021-12-01 00:00:00+00:00,2021-12-03 00:00:00+00:00,SHORT,S Pullback,57229.8281,54631.7656,4.5397,Alvo Atingido
2021-12-12 00:00:00+00:00,2021-12-13 00:00:00+00:00,SHORT,S Pullback,50098.3359,47651.1848,4.8847,Alvo Atingido
2021-12-15 00:00:00+00:00,2021-12-25 00:00:00+00:00,SHORT,S Pullback,48896.7227,50429.8594,-3.1355,Fim Tendência (Cinza)
2021-12-26 00:00:00+00:00,2021-12-27 00:00:00+00:00,LONG,L Trend,50809.5156,47307.2353,-6.893,Alvo Atingido
2021-12-31 00:00:00+00:00,2022-01-05 00:00:00+00:00,LONG,L Pullback,46306.4453,43569.0039,-5.9116,Fim Tendência (Cinza)
2022-01-06 00:00:00+00:00,2022-01-07 00:00:00+00:00,SHORT,S Trend,43160.9297,44595.4969,-3.3238,Alvo Atingido
2022-01-12 00:00:00+00:00,2022-01-21 00:00:00+00:00,SHORT,S Pullback,43949.1016,39908.0437,9.1949,Alvo Atingido
2022-01-28 00:00:00+00:00,2022-02-06 00:00:00+00:00,SHORT,S Pullback,37784.332,42412.4336,-12.2487,Reversão S→L
2022-02-06 00:00:00+00:00,2022-02-07 00:00:00+00:00,LONG,L Trend,42412.4336,37845.3819,-10.7682,Alvo Atingido
2022-02-17 00:00:00+00:00,2022-02-22 00:00:00+00:00,LONG,L Pullback,40538.0117,38286.0273,-5.5552,Fim Tendência (Cinza)
2022-02-23 00:00:00+00:00,2022-02-24 00:00:00+00:00,SHORT,S Trend,37296.5703,40318.0646,-8.1013,Alvo Atingido
2022-02-28 00:00:00+00:00,2022-03-03 00:00:00+00:00,SHORT,S Pullback,43193.2344,42451.7891,1.7166,Fim Tendência (Cinza)
2022-03-04 00:00:00+00:00,2022-03-06 00:00:00+00:00,LONG,L Trend,39137.6055,38419.9844,-1.8336,Fim Tendência (Cinza)
2022-03-07 00:00:00+00:00,2022-03-08 00:00:00+00:00,SHORT,S Trend,38062.0391,38978.3357,-2.4074,Alvo Atingido
2022-03-09 00:00:00+00:00,2022-03-11 00:00:00+00:00,SHORT,S Pullback,41982.9258,38553.4824,8.1687,Alvo Atingido
2022-03-14 00:00:00+00:00,2022-03-18 00:00:00+00:00,SHORT,S Pullback,39666.7539,41801.1562,-5.3808,Fim Tendência (Cinza)
2022-03-19 00:00:00+00:00,2022-03-20 00:00:00+00:00,LONG,L Trend,42190.6523,40988.0892,-2.8503,Alvo Atingido
2022-04-05 00:00:00+00:00,2022-04-10 00:00:00+00:00,LONG,L Pullback,45555.9922,42207.6719,-7.3499,Reversão L→S
2022-04-10 00:00:00+00:00,2022-04-11 00:00:00+00:00,SHORT,S Trend,42207.6719,44760.9772,-6.0494,Alvo Atingido
2022-04-25 00:00:00+00:00,2022-04-26 00:00:00+00:00,SHORT,S Pullback,40458.3086,38712.1562,4.3159,Alvo Atingido
2022-04-28 00:00:00+00:00,2022-05-05 00:00:00+00:00,SHORT,S Pullback,39773.8281,36654.255,7.8433,Alvo Atingido
2022-05-19 00:00:00+00:00,2022-06-01 00:00:00+00:00,SHORT,S Pullback,30314.334,29799.0801,1.6997,Reversão S→L
2022-06-01 00:00:00+00:00,2022-06-02 00:00:00+00:00,LONG,L Trend,29799.0801,28215.2219,-5.3151,Alvo Atingido
2022-06-11 00:00:00+00:00,2022-06-14 00:00:00+00:00,LONG,L Pullback,28360.8105,22206.793,-21.699,Reversão L→S
2022-06-14 00:00:00+00:00,2022-06-15 00:00:00+00:00,SHORT,S Trend,22206.793,27189.3428,-22.4371,Alvo Atingido
2022-06-25 00:00:00+00:00,2022-07-09 00:00:00+00:00,SHORT,S Pullback,21502.3379,21592.207,-0.418,Reversão S→L
2022-07-09 00:00:00+00:00,2022-07-10 00:00:00+00:00,LONG,L Trend,21592.207,18738.6863,-13.2155,Alvo Atingido
2022-07-25 00:00:00+00:00,2022-07-27 00:00:00+00:00,LONG,L Pullback,21361.7012,22649.8362,6.0301,Alvo Atingido
2022-08-02 00:00:00+00:00,2022-08-11 00:00:00+00:00,LONG,L Pullback,22978.1172,24560.3316,6.8857,Alvo Atingido
2022-08-15 00:00:00+00:00,2022-08-20 00:00:00+00:00,LONG,L Pullback,24136.9727,21166.0605,-12.3086,Reversão L→S
2022-08-20 00:00:00+00:00,2022-08-21 00:00:00+00:00,SHORT,S Trend,21166.0605,23130.2153,-9.2797,Alvo Atingido
2022-09-08 00:00:00+00:00,2022-09-13 00:00:00+00:00,SHORT,S Pullback,19329.834,20296.707,-5.002,Reversão S→L
2022-09-13 00:00:00+00:00,2022-09-14 00:00:00+00:00,LONG,L Trend,20296.707,20094.4399,-0.9966,Alvo Atingido
2022-09-18 00:00:00+00:00,2022-09-20 00:00:00+00:00,LONG,L Pullback,19419.5059,18890.7891,-2.7226,Fim Tendência (Cinza)
2022-09-21 00:00:00+00:00,2022-09-22 00:00:00+00:00,SHORT,S Trend,18547.4004,18899.5834,-1.8988,Alvo Atingido
2022-09-28 00:00:00+00:00,2022-10-05 00:00:00+00:00,SHORT,S Pullback,19426.7207,20160.7168,-3.7783,Fim Tendência (Cinza)
2022-10-06 00:00:00+00:00,2022-10-07 00:00:00+00:00,LONG,L Trend,19955.4434,19743.1067,-1.0641,Alvo Atingido
2022-10-10 00:00:00+00:00,2022-10-14 00:00:00+00:00,LONG,L Pullback,19141.4844,19820.645,3.5481,Alvo Atingido
2022-10-23 00:00:00+00:00,2022-10-25 00:00:00+00:00,SHORT,S Trend,19567.0078,20095.8574,-2.7028,Fim Tendência (Cinza)
2022-10-26 00:00:00+00:00,2022-10-27 00:00:00+00:00,LONG,L Trend,20770.4414,19969.2226,-3.8575,Alvo Atingido
2022-11-08 00:00:00+00:00,2022-11-10 00:00:00+00:00,LONG,L Pullback,18541.2715,17586.7715,-5.148,Reversão L→S
2022-11-10 00:00:00+00:00,2022-11-11 00:00:00+00:00,SHORT,S Trend,17586.7715,19502.2777,-10.8917,Alvo Atingido
2022-11-23 00:00:00+00:00,2022-12-04 00:00:00+00:00,SHORT,S Pullback,16610.707,17130.4863,-3.1292,Reversão S→L
2022-12-04 00:00:00+00:00,2022-12-05 00:00:00+00:00,LONG,L Trend,17130.4863,16208.8208,-5.3803,Alvo Atingido
2022-12-16 00:00:00+00:00,2022-12-24 00:00:00+00:00,LONG,L Pullback,16647.4844,16847.7559,1.203,Fim Tendência (Cinza)
2022-12-25 00:00:00+00:00,2022-12-30 00:00:00+00:00,SHORT,S Trend,16841.9863,16416.0601,2.529,Alvo Atingido
2023-01-04 00:00:00+00:00,2023-01-09 00:00:00+00:00,SHORT,S Pullback,16863.2383,17196.5547,-1.9766,Fim Tendência (Cinza)
2023-01-10 00:00:00+00:00,2023-01-11 00:00:00+00:00,LONG,L Trend,17446.293,17310.6947,-0.7772,Alvo Atingido
2023-01-30 00:00:00+00:00,2023-02-09 00:00:00+00:00,LONG,L Pullback,22840.1387,21819.0391,-4.4706,Fim Tendência (Cinza)
2023-02-10 00:00:00+00:00,2023-02-11 00:00:00+00:00,SHORT,S Trend,21651.1836,23592.0877,-8.9644,Alvo Atingido
2023-02-15 00:00:00+00:00,2023-02-20 00:00:00+00:00,SHORT,S Pullback,24307.8418,24829.1484,-2.1446,Reversão S→L
2023-02-20 00:00:00+00:00,2023-02-21 00:00:00+00:00,LONG,L Trend,24829.1484,24497.8779,-1.3342,Alvo Atingido
2023-02-24 00:00:00+00:00,2023-02-27 00:00:00+00:00,LONG,L Pullback,23198.127,23522.8711,1.3999,Fim Tendência (Cinza)
2023-02-28 00:00:00+00:00,2023-03-01 00:00:00+00:00,SHORT,S Trend,23147.3535,23178.1803,-0.1332,Alvo Atingido
2023-03-13 00:00:00+00:00,2023-03-17 00:00:00+00:00,SHORT,S Pullback,24197.5332,27423.9297,-13.3336,Reversão S→L
2023-03-17 00:00:00+00:00,2023-03-18 00:00:00+00:00,LONG,L Trend,27423.9297,23571.3748,-14.0482,Alvo Atingido
2023-04-02 00:00:00+00:00,2023-04-11 00:00:00+00:00,LONG,L Pullback,28199.3086,30426.3847,7.8976,Alvo Atingido
2023-04-17 00:00:00+00:00,2023-04-22 00:00:00+00:00,LONG,L Pullback,29445.0449,27817.5,-5.5274,Reversão L→S
2023-04-22 00:00:00+00:00,2023-04-23 00:00:00+00:00,SHORT,S Trend,27817.5,29120.4919,-4.6841,Alvo Atingido
2023-04-27 00:00:00+00:00,2023-05-01 00:00:00+00:00,SHORT,S Pullback,29473.7871,28279.2057,4.053,Alvo Atingido
2023-05-05 00:00:00+00:00,2023-05-08 00:00:00+00:00,SHORT,S Pullback,29534.3848,27937.7884,5.4059,Alvo Atingido
2023-05-23 00:00:00+00:00,2023-05-31 00:00:00+00:00,SHORT,S Pullback,27225.7266,27219.6582,0.0223,Reversão S→L
2023-05-31 00:00:00+00:00,2023-06-08 00:00:00+00:00,LONG,L Trend,27219.6582,26508.2168,-2.6137,Fim Tendência (Cinza)
2023-06-09 00:00:00+00:00,2023-06-10 00:00:00+00:00,SHORT,S Trend,26480.375,25817.9582,2.5015,Alvo Atingido
2023-06-16 00:00:00+00:00,2023-06-21 00:00:00+00:00,SHORT,S Pullback,26327.4629,30027.2969,-14.0531,Reversão S→L
2023-06-21 00:00:00+00:00,2023-06-22 00:00:00+00:00,LONG,L Trend,30027.2969,27227.406,-9.3245,Alvo Atingido
2023-07-05 00:00:00+00:00,2023-07-17 00:00:00+00:00,LONG,L Pullback,30514.166,30145.8887,-1.2069,Reversão L→S
2023-07-17 00:00:00+00:00,2023-07-18 00:00:00+00:00,SHORT,S Trend,30145.8887,30470.1097,-1.0755,Alvo Atingido
2023-08-01 00:00:00+00:00,2023-08-13 00:00:00+00:00,SHORT,S Pullback,29675.7324,29282.9141,1.3237,Fim Tendência (Cinza)
2023-08-14 00:00:00+00:00,2023-08-17 00:00:00+00:00,LONG,L Trend,29408.4434,26664.5508,-9.3303,Reversão L→S
2023-08-17 00:00:00+00:00,2023-08-18 00:00:00+00:00,SHORT,S Trend,26664.5508,27950.5676,-4.8229,Alvo Atingido
2023-08-29 00:00:00+00:00,2023-09-14 00:00:00+00:00,SHORT,S Pullback,27727.3926,26539.6738,4.2836,Fim Tendência (Cinza)
2023-09-15 00:00:00+00:00,2023-09-16 00:00:00+00:00,LONG,L Trend,26608.6934,26177.7141,-1.6197,Alvo Atingido
2023-09-26 00:00:00+00:00,2023-09-28 00:00:00+00:00,LONG,L Pullback,26217.25,27216.2676,3.8105,Alvo Atingido
2023-10-10 00:00:00+00:00,2023-10-14 00:00:00+00:00,LONG,L Pullback,27391.0195,26861.707,-1.9324,Fim Tendência (Cinza)
2023-10-15 00:00:00+00:00,2023-10-17 00:00:00+00:00,SHORT,S Trend,27159.6523,28415.748,-4.6249,Fim Tendência (Cinza)
2023-10-18 00:00:00+00:00,2023-10-19 00:00:00+00:00,LONG,L Trend,28328.3418,28663.0847,1.1817,Alvo Atingido
2023-11-05 00:00:00+00:00,2023-11-09 00:00:00+00:00,LONG,L Pullback,35049.3555,37464.1145,6.8896,Alvo Atingido
2023-11-12 00:00:00+00:00,2023-11-24 00:00:00+00:00,LONG,L Pullback,37054.5195,37720.2812,1.7967,Fim Tendência (Cinza)
2023-11-26 00:00:00+00:00,2023-12-02 00:00:00+00:00,LONG,L Trend,37479.1211,39591.1515,5.6352,Alvo Atingido
2023-12-11 00:00:00+00:00,2023-12-29 00:00:00+00:00,LONG,L Pullback,41243.832,42099.4023,2.0744,Reversão L→S
2023-12-29 00:00:00+00:00,2023-12-30 00:00:00+00:00,SHORT,S Trend,42099.4023,42903.4121,-1.9098,Alvo Atingido
2024-01-01 00:00:00+00:00,2024-01-03 00:00:00+00:00,SHORT,S Pullback,44167.332,42566.501,3.6245,Alvo Atingido
2024-01-04 00:00:00+00:00,2024-01-06 00:00:00+00:00,SHORT,S Pullback,44179.9219,43989.1953,0.4317,Fim Tendência (Cinza)
2024-01-07 00:00:00+00:00,2024-01-08 00:00:00+00:00,LONG,L Trend,43943.0977,45438.8891,3.4039,Alvo Atingido
2024-01-12 00:00:00+00:00,2024-01-16 00:00:00+00:00,LONG,L Pullback,42853.168,43154.9453,0.7042,Reversão L→S
2024-01-16 00:00:00+00:00,2024-01-17 00:00:00+00:00,SHORT,S Trend,43154.9453,43155.9054,-0.0022,Alvo Atingido
2024-01-27 00:00:00+00:00,2024-02-03 00:00:00+00:00,SHORT,S Pullback,42120.0547,42992.25,-2.0707,Fim Tendência (Cinza)
2024-02-04 00:00:00+00:00,2024-02-05 00:00:00+00:00,LONG,L Trend,42583.582,42736.7351,0.3597,Alvo Atingido
2024-02-22 00:00:00+00:00,2024-02-26 00:00:00+00:00,LONG,L Pullback,51304.9727,54689.1704,6.5962,Alvo Atingido
2024-03-15 00:00:00+00:00,2024-03-22 00:00:00+00:00,LONG,L Pullback,69403.7734,63778.7617,-8.1048,Reversão L→S
2024-03-22 00:00:00+00:00,2024-03-23 00:00:00+00:00,SHORT,S Trend,63778.7617,70104.6528,-9.9185,Alvo Atingido
2024-03-31 00:00:00+00:00,2024-04-01 00:00:00+00:00,SHORT,S Pullback,71333.6484,68877.7961,3.4428,Alvo Atingido
2024-04-08 00:00:00+00:00,2024-04-11 00:00:00+00:00,SHORT,S Pullback,71631.3594,70060.6094,2.1928,Fim Tendência (Cinza)
2024-04-12 00:00:00+00:00,2024-04-14 00:00:00+00:00,LONG,L Trend,67195.8672,65738.7266,-2.1685,Reversão L→S
2024-04-14 00:00:00+00:00,2024-04-15 00:00:00+00:00,SHORT,S Trend,65738.7266,66884.9183,-1.7436,Alvo Atingido
2024-04-22 00:00:00+00:00,2024-04-25 00:00:00+00:00,SHORT,S Pullback,66837.6797,62913.2942,5.8715,Alvo Atingido
2024-05-03 00:00:00+00:00,2024-05-16 00:00:00+00:00,SHORT,S Pullback,62889.8359,65231.582,-3.7236,Fim Tendência (Cinza)
2024-05-17 00:00:00+00:00,2024-05-18 00:00:00+00:00,LONG,L Trend,67051.875,63669.5714,-5.0443,Alvo Atingido
2024-05-29 00:00:00+00:00,2024-06-13 00:00:00+00:00,LONG,L Pullback,67578.0938,66756.3984,-1.2159,Reversão L→S
2024-06-13 00:00:00+00:00,2024-06-14 00:00:00+00:00,SHORT,S Trend,66756.3984,68180.8119,-2.1337,Alvo Atingido
2024-06-30 00:00:00+00:00,2024-07-04 00:00:00+00:00,SHORT,S Pullback,62678.293,58960.256,5.9319,Alvo Atingido
2024-07-10 00:00:00+00:00,2024-07-16 00:00:00+00:00,SHORT,S Pullback,57742.4961,65097.1484,-12.737,Fim Tendência (Cinza)
2024-07-17 00:00:00+00:00,2024-07-18 00:00:00+00:00,LONG,L Trend,64118.793,59565.2495,-7.1017,Alvo Atingido
2024-07-30 00:00:00+00:00,2024-08-05 00:00:00+00:00,LONG,L Pullback,66201.0156,53991.457,-18.4432,Reversão L→S
2024-08-05 00:00:00+00:00,2024-08-06 00:00:00+00:00,SHORT,S Trend,53991.457,63825.8147,-18.2147,Alvo Atingido
2024-08-17 00:00:00+00:00,2024-08-25 00:00:00+00:00,SHORT,S Pullback,59478.9727,64333.543,-8.1618,Reversão S→L
2024-08-25 00:00:00+00:00,2024-08-26 00:00:00+00:00,LONG,L Trend,64333.543,60569.0624,-5.8515,Alvo Atingido
2024-08-28 00:00:00+00:00,2024-09-03 00:00:00+00:00,LONG,L Pullback,59027.625,57431.0234,-2.7048,Reversão L→S
2024-09-03 00:00:00+00:00,2024-09-04 00:00:00+00:00,SHORT,S Trend,57431.0234,57658.3498,-0.3958,Alvo Atingido
2024-09-10 00:00:00+00:00,2024-09-16 00:00:00+00:00,SHORT,S Pullback,57648.7109,58192.5078,-0.9433,Fim Tendência (Cinza)
2024-09-17 00:00:00+00:00,2024-09-18 00:00:00+00:00,LONG,L Trend,60308.5391,59091.0917,-2.0187,Alvo Atingido
2024-09-30 00:00:00+00:00,2024-10-07 00:00:00+00:00,LONG,L Pullback,63329.5,62236.6602,-1.7256,Fim Tendência (Cinza)
2024-10-08 00:00:00+00:00,2024-10-09 00:00:00+00:00,SHORT,S Trend,62131.9688,62250.6241,-0.191,Alvo Atingido
2024-10-14 00:00:00+00:00,2024-10-16 00:00:00+00:00,SHORT,S Pullback,66046.125,67612.7188,-2.372,Reversão S→L
2024-10-16 00:00:00+00:00,2024-10-17 00:00:00+00:00,LONG,L Trend,67612.7188,66028.3383,-2.3433,Alvo Atingido
2024-10-25 00:00:00+00:00,2024-10-28 00:00:00+00:00,LONG,L Pullback,66642.4141,69821.4593,4.7703,Alvo Atingido
2024-11-01 00:00:00+00:00,2024-11-06 00:00:00+00:00,LONG,L Pullback,69482.4688,73092.251,5.1952,Alvo Atingido
2024-11-25 00:00:00+00:00,2024-12-12 00:00:00+00:00,LONG,L Pullback,93102.2969,100043.0,7.4549,Fim Tendência (Cinza)
2024-12-16 00:00:00+00:00,2024-12-17 00:00:00+00:00,LONG,L Trend,106029.7188,106562.0038,0.502,Alvo Atingido
2024-12-18 00:00:00+00:00,2024-12-21 00:00:00+00:00,LONG,L Pullback,100041.5391,97224.7266,-2.8156,Fim Tendência (Cinza)
2024-12-22 00:00:00+00:00,2024-12-23 00:00:00+00:00,SHORT,S Trend,95104.9375,99526.4659,-4.6491,Alvo Atingido
2025-01-03 00:00:00+00:00,2025-01-08 00:00:00+00:00,SHORT,S Pullback,98107.4297,93144.4432,5.0587,Alvo Atingido
2025-01-14 00:00:00+00:00,2025-01-17 00:00:00+00:00,SHORT,S Pullback,96534.0469,104462.0391,-8.2126,Reversão S→L
2025-01-17 00:00:00+00:00,2025-01-18 00:00:00+00:00,LONG,L Trend,104462.0391,98954.6401,-5.2722,Alvo Atingido
2025-01-27 00:00:00+00:00,2025-02-05 00:00:00+00:00,LONG,L Pullback,102087.6875,96615.4453,-5.3603,Reversão L→S
2025-02-05 00:00:00+00:00,2025-02-06 00:00:00+00:00,SHORT,S Trend,96615.4453,100324.1672,-3.8386,Alvo Atingido
2025-02-19 00:00:00+00:00,2025-02-24 00:00:00+00:00,SHORT,S Pullback,96635.6094,92400.1435,4.3829,Alvo Atingido
2025-03-02 00:00:00+00:00,2025-03-03 00:00:00+00:00,SHORT,S Pullback,94248.3516,87016.0209,7.6737,Alvo Atingido
2025-03-05 00:00:00+00:00,2025-03-07 00:00:00+00:00,SHORT,S Pullback,90623.5625,85100.0726,6.095,Alvo Atingido
2025-03-14 00:00:00+00:00,2025-03-23 00:00:00+00:00,SHORT,S Pullback,83969.1016,86054.375,-2.4834,Fim Tendência (Cinza)
2025-03-24 00:00:00+00:00,2025-03-25 00:00:00+00:00,LONG,L Trend,87498.9141,84033.3522,-3.9607,Alvo Atingido
2025-03-29 00:00:00+00:00,2025-04-02 00:00:00+00:00,LONG,L Pullback,82597.5859,85651.8552,3.6978,Alvo Atingido
2025-04-02 00:00:00+00:00,2025-04-07 00:00:00+00:00,LONG,L Pullback,82485.7109,79235.3359,-3.9405,Fim Tendência (Cinza)
2025-04-08 00:00:00+00:00,2025-04-09 00:00:00+00:00,SHORT,S Trend,76271.9531,79896.6793,-4.7524,Alvo Atingido
2025-04-09 00:00:00+00:00,2025-04-10 00:00:00+00:00,SHORT,S Pullback,82573.9531,79551.1074,3.6608,Alvo Atingido
2025-04-11 00:00:00+00:00,2025-04-15 00:00:00+00:00,SHORT,S Pullback,83404.8359,83668.9922,-0.3167,Fim Tendência (Cinza)
2025-04-16 00:00:00+00:00,2025-04-17 00:00:00+00:00,LONG,L Trend,84033.8672,84427.2776,0.4682,Alvo Atingido
2025-05-04 00:00:00+00:00,2025-05-08 00:00:00+00:00,LONG,L Pullback,94315.9766,100473.3955,6.5285,Alvo Atingido
2025-05-15 00:00:00+00:00,2025-05-21 00:00:00+00:00,LONG,L Pullback,103744.6406,110188.6028,6.2114,Alvo Atingido
2025-05-23 00:00:00+00:00,2025-06-01 00:00:00+00:00,LONG,L Pullback,107287.7969,105652.1016,-1.5246,Fim Tendência (Cinza)
2025-06-02 00:00:00+00:00,2025-06-03 00:00:00+00:00,SHORT,S Trend,105881.5312,106876.9826,-0.9402,Alvo Atingido
2025-06-09 00:00:00+00:00,2025-06-13 00:00:00+00:00,SHORT,S Pullback,110294.1016,104578.3821,5.1823,Alvo Atingido
2025-06-23 00:00:00+00:00,2025-06-28 00:00:00+00:00,SHORT,S Pullback,105577.7734,107327.7031,-1.6575,Fim Tendência (Cinza)
2025-06-29 00:00:00+00:00,2025-06-30 00:00:00+00:00,LONG,L Trend,108385.5703,108675.7434,0.2677,Alvo Atingido
2025-07-20 00:00:00+00:00,2025-08-02 00:00:00+00:00,LONG,L Pullback,117300.7891,112526.9141,-4.0698,Reversão L→S
2025-08-02 00:00:00+00:00,2025-08-03 00:00:00+00:00,SHORT,S Trend,112526.9141,116682.7593,-3.6932,Alvo Atingido
2025-08-10 00:00:00+00:00,2025-08-14 00:00:00+00:00,SHORT,S Pullback,119306.7578,118359.5781,0.7939,Reversão S→L
2025-08-14 00:00:00+00:00,2025-08-19 00:00:00+00:00,LONG,L Trend,118359.5781,112831.1797,-4.6709,Fim Tendência (Cinza)
2025-08-20 00:00:00+00:00,2025-08-21 00:00:00+00:00,SHORT,S Trend,114274.7422,113583.6525,0.6048,Alvo Atingido
2025-08-22 00:00:00+00:00,2025-08-24 00:00:00+00:00,SHORT,S Pullback,116874.0859,112827.9124,3.462,Alvo Atingido
2025-09-03 00:00:00+00:00,2025-09-12 00:00:00+00:00,SHORT,S Pullback,111723.2109,116101.5781,-3.9189,Reversão S→L
2025-09-12 00:00:00+00:00,2025-09-13 00:00:00+00:00,LONG,L Trend,116101.5781,113407.8857,-2.3201,Alvo Atingido
2025-09-22 00:00:00+00:00,2025-09-27 00:00:00+00:00,LONG,L Pullback,112748.5078,109681.9453,-2.7198,Reversão L→S
2025-09-27 00:00:00+00:00,2025-09-28 00:00:00+00:00,SHORT,S Trend,109681.9453,110717.7051,-0.9443,Alvo Atingido
2025-09-29 00:00:00+00:00,2025-10-02 00:00:00+00:00,SHORT,S Pullback,114400.3828,120681.2578,-5.4903,Fim Tendência (Cinza)
2025-10-03 00:00:00+00:00,2025-10-04 00:00:00+00:00,LONG,L Trend,122266.5312,118793.4655,-2.8406,Alvo Atingido
2025-10-10 00:00:00+00:00,2025-10-14 00:00:00+00:00,LONG,L Pullback,113214.3672,113118.6641,-0.0845,Reversão L→S
2025-10-14 00:00:00+00:00,2025-10-15 00:00:00+00:00,SHORT,S Trend,113118.6641,115107.2628,-1.758,Alvo Atingido
2025-10-25 00:00:00+00:00,2025-10-30 00:00:00+00:00,SHORT,S Pullback,111641.7266,106379.1991,4.7138,Alvo Atingido
2025-10-31 00:00:00+00:00,2025-11-04 00:00:00+00:00,SHORT,S Pullback,109556.1641,104863.1718,4.2836,Alvo Atingido
2025-11-10 00:00:00+00:00,2025-11-12 00:00:00+00:00,SHORT,S Pullback,105996.5938,100850.8012,4.8547,Alvo Atingido
2025-11-26 00:00:00+00:00,2025-12-06 00:00:00+00:00,SHORT,S Pullback,90518.3672,89272.375,1.3765,Fim Tendência (Cinza)
2025-12-07 00:00:00+00:00,2025-12-08 00:00:00+00:00,LONG,L Trend,90405.6406,88019.6468,-2.6392,Alvo Atingido
2025-12-15 00:00:00+00:00,2025-12-19 00:00:00+00:00,LONG,L Pullback,86419.7812,88103.3828,1.9482,Fim Tendência (Cinza)
2025-12-20 00:00:00+00:00,2026-01-03 00:00:00+00:00,SHORT,S Trend,88344.0,90603.1875,-2.5573,Fim Tendência (Cinza)
2026-01-04 00:00:00+00:00,2026-01-05 00:00:00+00:00,LONG,L Trend,91413.4922,90422.7591,-1.0838,Alvo Atingido
2026-01-19 00:00:00+00:00,2026-01-23 00:00:00+00:00,LONG,L Pullback,92553.5938,89503.875,-3.2951,Fim Tendência (Cinza)
2026-01-24 00:00:00+00:00,2026-01-25 00:00:00+00:00,SHORT,S Trend,89110.7344,90277.5687,-1.3094,Alvo Atingido
2026-02-14 00:00:00+00:00,2026-02-28 00:00:00+00:00,SHORT,S Pullback,69767.625,66995.8594,3.9729,Fim Tendência (Cinza)
2026-03-01 00:00:00+00:00,2026-03-02 00:00:00+00:00,LONG,L Trend,65738.1016,64220.8938,-2.308,Alvo Atingido
2026-03-19 00:00:00+00:00,2026-03-24 00:00:00+00:00,LONG,L Pullback,69912.7891,71075.9609,1.6637,Fim do Período
